{"Instances":[{"Orientation":{"W":1.0,"X":0.0,"Y":0.0,"Z":0.0},"Position":{"X":-2.042987823486328,"Y":-0.1448322832584381,"Z":0.0},"Scale":{"X":1.0,"Y":1.0,"Z":1.0}}]}